trial,ln_P,ln_r
1,1.244854214,-3.499354418
1,1.25090184,-3.237176745
1,1.251585187,-3.272596926
1,1.928133419,-3.225924289
1,1.936777766,-3.098343303
1,2.468012143,-3.002970765
1,2.473068915,-3.265080103
1,2.812248467,-3.000852388
1,2.814571848,-3.121281003
1,3.211186761,-2.95588812
1,3.214466829,-3.125904988
1,3.508955451,-2.847782539
1,3.51196218,-3.003631334
1,3.885958289,-2.817123012
1,3.886641637,-2.852543193
,3.890741722,-3.065064278
,3.893885121,-3.22799711
