trial,ln_P,ln_r
1,1.24451254,-2.330351781
1,1.242462497,-2.224091239
1,1.93985283,-2.106441571
1,1.936709431,-1.943508739
1,2.470540529,-1.982732888
1,2.468900495,-1.897724454
1,2.825744581,-1.973462139
1,2.813136818,-1.895606076
1,3.203977444,-2.006558939
1,3.213168468,-1.907314098
1,3.512030515,-1.855880806
1,3.88698331,-1.718960737
1,3.877518947,-1.804037506
1,3.879022312,-1.881961904
1,3.881072354,-1.988222446
