trial,ln_P,ln_r
1,1.243580499,-0.575218854
1,1.228590542,-0.353769022
1,1.937905289,-0.278555236
1,1.939818662,-0.377731742
1,2.459128625,-0.239923321
1,2.448844245,-0.282495873
1,2.81624605,-0.329829079
1,2.803364949,-0.237804944
1,3.202439912,-0.199924712
1,3.201619895,-0.157420495
1,3.502668654,-0.219331782
1,3.503352001,-0.254751963
1,3.880764848,-0.245344545
1,3.881584865,-0.287848762
1,3.890092542,-0.15318374
