trial,ln_P,ln_r
1,-2.995732274,-4.71316898
1,-2.525728644,-4.289154713
1,-2.207274913,-4.095236825
1,-1.966112856,-3.85131463
1,-1.771956842,-3.665062658
1,-1.609437912,-3.706538979
1,-1.46967597,-3.574896471
1,-1.347073648,-3.441307091
1,-1.237874356,-3.330312417
1,-1.139434283,-3.349056026
