trial,ln_P,ln_r
1,-2.995732274,-4.674898782
1,-2.207274913,-4.183260548
1,-1.771956842,-3.787066527
1,-1.46967597,-3.595962474
1,-1.237874356,-3.419609277
