trial,ln_P,ln_r
1,4.981671902,-3.77392346
1,4.989632901,-3.610922293
1,5.279030584,-3.644565771
1,5.276297194,-3.502885047
1,5.849215772,-3.265558447
1,5.847165729,-3.159297904
1,5.845935704,-3.095541579
1,6.208690745,-2.902017555
1,6.527438206,-2.730018979
1,6.524978154,-2.602506328
1,6.534852526,-2.538681668
