trial,ln_P,ln_r
1,4.351898809,-3.366876109
1,4.361773181,-3.303051448
1,4.982389417,-3.235468377
1,5.259760184,-2.645716671
1,5.269771225,-2.588976047
1,5.84337315,-2.387069627
1,5.853247522,-2.323244967
1,5.851334149,-2.224068461
1,5.838316379,-2.124960289
1,6.213269174,-1.98804022
1,6.200798081,-1.917268193
1,6.510217848,-1.837430422
1,6.523372288,-1.94362263
1,6.517632168,-1.646093111
1,6.515992134,-1.561084677
