trial,ln_P,ln_r
1,4.3626957,-1.623929873
1,4.375440132,-1.708869972
1,4.995133849,-1.017823383
1,4.997320561,-1.131167961
1,5.009654984,-1.194855952
1,5.294269235,-0.980558164
1,5.312241275,-0.760816373
1,5.873235438,-0.48105389
1,5.874602133,-0.551894252
1,5.87542215,-0.594398469
1,5.876105498,-0.629818649
1,6.214055024,-0.301834608
1,6.217335092,-0.471851476
1,6.532119136,-0.094415852
1,6.544726898,-0.172271915
